{"cameraMode":{"drawMode":0,"name":"Shaded","section":"Shading Mode"},"sceneLighting":false,"audioPlay":false,"sceneViewState":{"m_AlwaysRefresh":false,"showFog":true,"showSkybox":false,"showFlares":true,"showImageEffects":true,"showParticleSystems":true,"showVisualEffectGraphs":true,"m_FxEnabled":true},"in2DMode":false,"pivot":{"x":-0.17899465560913087,"y":2.1198248863220217,"z":0.11388388276100159},"rotation":{"x":0.06332330405712128,"y":-0.935787558555603,"z":0.22306108474731446,"w":0.2656593322753906},"size":2.8255176544189455,"orthographic":true}